{
  "slug": "MosquitoLabs",
  "name": "Mosquito Labs",
  "version": "1.0.0",
  "license": "proprietary",
  "author": "R. Mosquito",
  "authorEmail": "",
  "authorUrl": "",
  "pluginUrl": "",
  "manualUrl": "",
  "sourceUrl": "",
  "donateUrl": "",
  "modules": [
    {
      "slug": "PulseCzar",
      "name": "PulseCzar",
      "description": "8-bit wavetable oscillator based on C. Roads' Pulsar Synthesis model.",
      "tags": [
        "Oscillator"
      ]
    },
    {
      "slug": "PhaseCzar",
      "name": "PhaseCzar",
      "description": "8-bit wavetable oscillator based on Casio's Phase Distortion model.",
      "tags": [
        "Oscillator"
      ]
    }
  ]
}